0,/specifications/acura_rl_2011
0,/specifications/audi_a8_2011
0,/specifications/bmw_x1_2016
0,/specifications/bmw_x6_2015
0,/specifications/bmw_z4_2015
0,/specifications/buick_verano_2016
0,/specifications/cadillac_escalade_2011
0,/specifications/cadillac_escalade_2015
0,/specifications/chevrolet_ss_2016
0,/specifications/chevrolet_suburban_2015
0,/specifications/gmc_terrain_2016
0,/specifications/gmc_yukon_2011
0,/specifications/hyundai_tucson_2010
0,/specifications/infiniti_ex_2008
0,/specifications/infiniti_fx_2011
0,/specifications/jeep_liberty_2011
0,/specifications/jeep_patriot_2011
0,/specifications/jeep_wrangler_2016
0,/specifications/land-rover_lr4_2011
0,/specifications/land-rover_range-rover-sport_2009
0,/specifications/lexus_gs_2019
0,/specifications/lexus_gx_2011
0,/specifications/lincoln_mkc_2016
0,/specifications/lincoln_town-car_2008
0,/specifications/mitsubishi_lancer_2011
0,/specifications/mitsubishi_outlander_2012
0,/specifications/mitsubishi_outlander-sport_2011
0,/specifications/nissan_370z_2018
0,/specifications/nissan_maxima_2011
0,/specifications/nissan_pathfinder_2011
0,/specifications/nissan_rogue_2011
0,/specifications/nissan_xterra_2011
0,/specifications/porsche_macan_2016
0,/specifications/toyota_4runner_2011
0,/specifications/toyota_fj-cruiser_2008
0,/specifications/volkswagen_eos_2014
0,/specifications/volkswagen_touareg_2015
0,/specifications/volvo_s80_2010
0,/specifications/volvo_xc60_2011
0,/specifications/volvo_xc70_2014
0,/specifications/acura_tlx_2024
0,/specifications/acura_zdx_2024
0,/specifications/alfa-romeo_giulia_2024
0,/specifications/audi_a3_2024
0,/specifications/audi_a4_2024
0,/specifications/audi_a5_2024
0,/specifications/audi_a6_2024
0,/specifications/audi_a7_2024
0,/specifications/audi_a8_2024
0,/specifications/audi_e-tron-gt_2024
0,/specifications/audi_q3_2024
0,/specifications/audi_q5_2024
0,/specifications/audi_q7_2024
0,/specifications/audi_q7_2020
0,/specifications/bmw_2-series_2024
0,/specifications/bmw_3-series_2024
0,/specifications/bmw_3-series_2008
0,/specifications/bmw_4-series_2024
0,/specifications/bmw_5-series_2024
0,/specifications/bmw_8-series_2024
0,/specifications/bmw_x1_2024
0,/specifications/bmw_x4_2024
0,/specifications/bmw_x7_2024
0,/specifications/bmw_z4_2024
0,/specifications/buick_enclave_2024
0,/specifications/buick_envision_2024
0,/specifications/buick_lacrosse_2011
0,/specifications/cadillac_ct4_2024
0,/specifications/cadillac_ct5_2024
0,/specifications/cadillac_escalade_2024
0,/specifications/cadillac_xt5_2024
0,/specifications/cadillac_xt6_2024
0,/specifications/chevrolet_blazer_2024
0,/specifications/chevrolet_camaro_2024
0,/specifications/chevrolet_colorado_2024
0,/specifications/chevrolet_corvette_2024
0,/specifications/chevrolet_equinox_2024
0,/specifications/chevrolet_malibu_2024
0,/specifications/chevrolet_suburban_2024
0,/specifications/chevrolet_trailblazer_2024
0,/specifications/chevrolet_traverse_2024
0,/specifications/chrysler_pacifica_2024
0,/specifications/dodge_durango_2024
0,/specifications/ford_bronco-sport_2024
0,/specifications/ford_escape_2024
0,/specifications/ford_explorer_2024
0,/specifications/ford_f-150-lightning_2024
0,/specifications/ford_maverick_2024
0,/specifications/ford_mustang-mach-e_2024
0,/specifications/ford_ranger_2024
0,/specifications/ford_super-duty-f-250_2024
0,/specifications/genesis_g70_2024
0,/specifications/genesis_g80_2024
0,/specifications/genesis_g90_2024
0,/specifications/genesis_gv70_2024
0,/specifications/genesis_gv80_2024
0,/specifications/gmc_acadia_2024
0,/specifications/gmc_canyon_2024
0,/specifications/gmc_terrain_2024
0,/specifications/gmc_terrain_2023
0,/specifications/honda_accord_2024
0,/specifications/honda_civic_2024
0,/specifications/honda_cr-v_2024
0,/specifications/honda_hr-v_2024
0,/specifications/honda_odyssey_2024
0,/specifications/honda_passport_2024
0,/specifications/honda_pilot_2024
0,/specifications/honda_ridgeline_2024
0,/specifications/hyundai_kona_2024
0,/specifications/hyundai_santa-cruz_2024
0,/specifications/hyundai_santa-cruz_2023
0,/specifications/hyundai_santa-fe_2024
0,/specifications/hyundai_tucson_2024
0,/specifications/hyundai_venue_2024
0,/specifications/infiniti_qx50_2024
0,/specifications/infiniti_qx60_2024
0,/specifications/infiniti_qx80_2024
0,/specifications/jaguar_e-pace_2024
0,/specifications/jaguar_f-pace_2024
0,/specifications/jaguar_i-pace_2024
0,/specifications/jeep_compass_2024
0,/specifications/jeep_gladiator_2024
0,/specifications/jeep_grand-cherokee_2024
0,/specifications/jeep_wrangler_2024
0,/specifications/kia_carnival_2024
0,/specifications/kia_forte_2024
0,/specifications/kia_k5_2024
0,/specifications/kia_niro_2024
0,/specifications/kia_sorento_2024
0,/specifications/kia_soul_2024
0,/specifications/kia_sportage_2024
0,/specifications/land-rover_range-rover_2024
0,/specifications/land-rover_discovery-sport_2024
0,/specifications/land-rover_range-rover-evoque_2024
0,/specifications/land-rover_range-rover-sport_2024
0,/specifications/land-rover_discovery_2024
0,/specifications/land-rover_range-rover-velar_2024
0,/specifications/lexus_gx_2024
0,/specifications/lexus_is_2024
0,/specifications/lexus_lc_2024
0,/specifications/lexus_lx_2024
0,/specifications/lexus_nx_2024
0,/specifications/lexus_rc_2024
0,/specifications/lexus_rx_2024
0,/specifications/lincoln_aviator_2024
0,/specifications/lincoln_corsair_2024
0,/specifications/lincoln_nautilus_2024
0,/specifications/lincoln_navigator_2024
0,/specifications/lucid_air_2024
0,/specifications/mazda_cx-30_2024
0,/specifications/mazda_cx-5_2024
0,/specifications/mazda_mazda3_2024
0,/specifications/mazda_mazda3_2022
0,/specifications/mazda_mx-5-miata_2024
0,/specifications/mercedes-benz_c-class_2024
0,/specifications/mercedes-benz_eqs_2024
0,/specifications/mercedes-benz_s-class_2024
0,/specifications/mercedes-benz_sl-class_2024
0,/specifications/mercedes-benz_g-class_2024
0,/specifications/mitsubishi_eclipse-cross_2024
0,/specifications/mitsubishi_mirage_2024
0,/specifications/mitsubishi_outlander_2024
0,/specifications/mitsubishi_outlander-sport_2024
0,/specifications/nissan_altima_2024
0,/specifications/nissan_armada_2024
0,/specifications/nissan_frontier_2024
0,/specifications/nissan_kicks_2024
0,/specifications/nissan_leaf_2024
0,/specifications/nissan_murano_2024
0,/specifications/nissan_pathfinder_2024
0,/specifications/nissan_rogue_2024
0,/specifications/nissan_sentra_2024
0,/specifications/nissan_titan_2024
0,/specifications/nissan_versa_2024
0,/specifications/nissan_gt-r_2024
0,/specifications/polestar_2_2024
0,/specifications/porsche_718_2024
0,/specifications/porsche_911_2024
0,/specifications/porsche_cayenne_2024
0,/specifications/porsche_macan_2024
0,/specifications/porsche_taycan_2024
0,/specifications/ram_1500_2024
0,/specifications/ram_1500_2011
0,/specifications/rivian_r1t_2024
0,/specifications/subaru_ascent_2024
0,/specifications/subaru_brz_2024
0,/specifications/subaru_crosstrek_2024
0,/specifications/subaru_wrx_2024
0,/specifications/tesla_model-s_2024
0,/specifications/tesla_model-y_2024
0,/specifications/toyota_4runner_2024
0,/specifications/toyota_corolla-cross_2024
0,/specifications/toyota_highlander_2024
0,/specifications/toyota_prius_2024
0,/specifications/toyota_sequoia_2024
0,/specifications/toyota_sienna_2024
0,/specifications/toyota_supra_2024
0,/specifications/toyota_tacoma_2024
0,/specifications/toyota_tundra_2024
0,/specifications/toyota_venza_2024
0,/specifications/volkswagen_golf_2024
0,/specifications/volkswagen_id.4_2024
0,/specifications/volkswagen_jetta_2024
0,/specifications/volkswagen_taos_2024
0,/specifications/volkswagen_tiguan_2024
0,/specifications/volvo_s60_2024
0,/specifications/volvo_s90_2024
0,/specifications/volvo_xc40_2024
0,/specifications/volvo_xc60_2024
0,/specifications/volvo_xc90_2024
